m,ra_sun_0,dec_sun_0,rho_0,N_data,N_sig_lim_poisson,S_0_lim_poisson,N_sig_lim_yellin,S_0_lim_yellin
3.2,2.9787281531099743,0.0701782971480805,295.2759734340805,12250,12392.557184759362,41.96940591079268,6929.513121229092,23.467920673119327
3.3000000000000003,2.9787281531099743,0.0701782971480805,397.27448418162646,13232,13379.542530499162,33.678333402309036,7880.5249207317775,19.83647386004521
3.4000000000000004,2.9787281531099743,0.0701782971480805,512.2312147120365,14257,14410.58418340592,28.13296763163328,9978.268151995351,19.480007983513623
3.5000000000000004,2.9787281531099743,0.0701782971480805,642.9005846380404,16275,16439.25601003595,25.570448064363514,11612.27404041398,18.06231681520683
3.6000000000000005,2.9787281531099743,0.0701782971480805,782.0742647802435,17225,17392.515682464487,22.238956663983366,11818.85656639911,15.112192151879736
3.7000000000000006,2.9787281531099743,0.0701782971480805,934.643989696591,18269,18441.77240734151,19.731333652857675,12097.029461081129,12.942927568611584
3.8000000000000007,2.9787281531099743,0.0701782971480805,1103.055027248647,19262,19439.401369510266,17.623238088128762,14182.73928312552,12.857689718799943
3.900000000000001,2.9787281531099743,0.0701782971480805,1297.185171729103,20826,21010.830752911283,16.19724863560117,14111.34012119473,10.878431567626386
4.000000000000001,2.9787281531099743,0.0701782971480805,1505.7516141865656,20936,21119.481262365454,14.025873233929477,12912.188620835186,8.575244747660845
4.100000000000001,2.9787281531099743,0.0701782971480805,1736.5945170197192,21074,21260.00075610188,12.242351653043062,11573.455110446732,6.664454480893259
4.200000000000001,2.9787281531099743,0.0701782971480805,1992.5097816800103,20124,20306.874108195057,10.191605730072279,14793.286090475633,7.42444841500476
4.300000000000001,2.9787281531099743,0.0701782971480805,2291.8320825697165,19367,19543.525510459494,8.527468333782254,13857.516528287157,6.046479859357505
4.400000000000001,2.9787281531099743,0.0701782971480805,2617.8417333105526,18511,18684.553101683872,7.137388354663891,8691.843109734016,3.3202324644516277
4.500000000000002,2.9787281531099743,0.0701782971480805,2987.149403514577,17607,17777.98350147399,5.951487890279953,11561.289541955632,3.870341914720776
4.600000000000001,2.9787281531099743,0.0701782971480805,3403.511254587537,15734,15894.322196241776,4.669977857372465,4968.828860131446,1.4599125692427322
4.700000000000001,2.9787281531099743,0.0701782971480805,3890.275629685071,14940,15095.301387524412,3.8802652625275345,2485.328024323748,0.6388565389452733
4.800000000000002,2.9787281531099743,0.0701782971480805,4412.749310483568,14023,14173.643818708459,3.2119757596552097,1888.5862692222477,0.42798403814498326
4.900000000000002,2.9787281531099743,0.0701782971480805,4982.034910032628,13104,13249.55285598969,2.6594660806788517,1887.6435248819096,0.3788900637931393
5.000000000000002,2.9787281531099743,0.0701782971480805,5591.394268895977,11214,11350.122530900418,2.029927060239575,1548.4334115309132,0.2769315374779772
5.100000000000001,2.9787281531099743,0.0701782971480805,6266.722915398105,10388,10518.655208943903,1.6784937440106502,1450.398173433896,0.23144443962411204
5.200000000000002,2.9787281531099743,0.0701782971480805,6959.167738298613,9549,9674.752337569016,1.3902168623304823,1887.0506720160547,0.2711603948890307
5.3000000000000025,2.9787281531099743,0.0701782971480805,7687.412994243759,8626,8745.797510344144,1.1376775928251663,1806.8441278476264,0.2350392946496525
5.400000000000002,2.9787281531099743,0.0701782971480805,8447.25023314395,6741,6846.653585516462,0.8105186180767646,1768.4477438542024,0.20935188316257686
5.500000000000002,2.9787281531099743,0.0701782971480805,9276.342928599646,6023,6123.47388425783,0.6601172392386131,1190.899240378704,0.12838025173768364
5.600000000000002,2.9787281531099743,0.0701782971480805,10111.598431125218,4990,5081.092012913988,0.5025013648953387,1386.902565775074,0.1371595772144147
5.700000000000003,2.9787281531099743,0.0701782971480805,10973.990994656053,4009,4090.6857505394173,0.3727619015298479,1447.3125725689547,0.131885708059515
5.8000000000000025,2.9787281531099743,0.0701782971480805,11851.699047503622,2454,2518.569916453245,0.21250707652619164,1810.852710811078,0.15279266741020614
5.900000000000002,2.9787281531099743,0.0701782971480805,12792.956029606414,2376,2439.5733088699803,0.19069660704094799,1773.1060877830932,0.1386001862024413
6.000000000000003,2.9787281531099743,0.0701782971480805,13716.300832167755,2248,2309.689688875096,0.1683901306289786,1624.1205862835543,0.11840806104767204
6.100000000000003,2.9787281531099743,0.0701782971480805,14650.426761909934,2140,2200.4597303282644,0.15019765404031116,1240.677696331928,0.08468543043111902
6.200000000000003,2.9787281531099743,0.0701782971480805,15581.886385566218,1887,1943.5373267797877,0.12473055435573714,1298.194882662765,0.0833143594132034
6.3000000000000025,2.9787281531099743,0.0701782971480805,16575.150573147817,1795,1850.2596260709986,0.11162852596153595,694.8905963146583,0.0419236370280943
6.400000000000003,2.9787281531099743,0.0701782971480805,17534.90878394708,1688,1741.7764324548766,0.09933193573549946,378.7564098603319,0.02160013573649594
6.500000000000004,2.9787281531099743,0.0701782971480805,18488.834311567254,1600,1652.3885659455009,0.08937224154319505,235.9554406102387,0.012762050686052004
6.600000000000003,2.9787281531099743,0.0701782971480805,19408.60578847377,1357,1405.3725867347646,0.07240976513466908,198.03873966983969,0.010203656142444263
6.700000000000003,2.9787281531099743,0.0701782971480805,20362.168879743826,1269,1315.68278286003,0.06461407871775704,202.4521364655974,0.009942562487387858
6.800000000000003,2.9787281531099743,0.0701782971480805,21232.14011743208,1136,1180.4041299085202,0.05559515542850911,189.378204930166,0.008919411980268634
6.900000000000004,2.9787281531099743,0.0701782971480805,22049.51568499149,1027,1069.227920104955,0.04849212723673335,189.1939848864596,0.008580414535600836
7.000000000000004,2.9787281531099743,0.0701782971480805,22791.689369609343,830,868.1392381316798,0.03809016629058068,121.99161917444772,0.005352460591934555
7.100000000000003,2.9787281531099743,0.0701782971480805,23562.463443411303,713,748.3568548400146,0.031760552398831424,202.57671853485795,0.008597433753961062
7.200000000000004,2.9787281531099743,0.0701782971480805,24252.939971151096,618,651.0706774519666,0.026845020777951707,181.22996044639945,0.007472494496006369
7.300000000000004,2.9787281531099743,0.0701782971480805,24921.526097963342,491,520.6035977462957,0.02088971581033478,180.86160686825636,0.007257244446319718
7.400000000000004,2.9787281531099743,0.0701782971480805,25554.618964419315,262,283.938662498085,0.011111050526459573,173.43230481836596,0.00678673022125051
7.5000000000000036,2.9787281531099743,0.0701782971480805,26279.5709640813,258,279.7850264900981,0.010646483798099519,181.22996044639945,0.006896229801243828
7.600000000000004,2.9787281531099743,0.0701782971480805,26965.65895268234,249,270.4607954768473,0.010029823337580403,178.0031394025487,0.006601104750115602
7.700000000000005,2.9787281531099743,0.0701782971480805,27665.05540284912,247,268.3763780451456,0.009700915980002214,176.57339531096196,0.006382542624251435
7.800000000000004,2.9787281531099743,0.0701782971480805,28343.18976028647,220,240.25022697506196,0.00847647103261795,155.3745900079237,0.005481902048499474
7.900000000000004,2.9787281531099743,0.0701782971480805,29130.82311940632,216,236.03898032163045,0.008102722650647877,151.9952428722074,0.005217677586698588
8.000000000000004,2.9787281531099743,0.0701782971480805,29870.70817342237,213,232.9290590186558,0.007797908829824991,123.2820933034672,0.004127190175328958
8.100000000000005,2.9787281531099743,0.0701782971480805,30603.0849709962,199,218.30485314364515,0.007133426363732337,86.71615240918298,0.0028335755199636716
8.200000000000005,2.9787281531099743,0.0701782971480805,31278.0953173814,186,204.7119105068799,0.0065448969455988715,66.60395212984228,0.0021294120199457965
8.300000000000004,2.9787281531099743,0.0701782971480805,32027.422206077747,180,198.4371478333314,0.006195851372505234,57.10182648382972,0.0017829042286454661
8.400000000000006,2.9787281531099743,0.0701782971480805,32679.94413307489,164,181.64464212109343,0.005558291084630514,57.10182648382972,0.0017473048990324866
8.500000000000005,2.9787281531099743,0.0701782971480805,33286.16437656814,161,178.4935455013835,0.005362394521702067,65.15533768879443,0.0019574300286355813
8.600000000000005,2.9787281531099743,0.0701782971480805,33806.82287086538,143,159.55191790211893,0.004719518261493313,63.73823014383464,0.0018853658738444796
8.700000000000005,2.9787281531099743,0.0701782971480805,34405.86198326599,142,158.49734810292233,0.0046066960385997835,68.08477396744813,0.0019788713330467517
8.800000000000004,2.9787281531099743,0.0701782971480805,34919.066876184384,134,150.08654609925924,0.004298125910163474,72.72772456558234,0.002082751089067169
8.900000000000006,2.9787281531099743,0.0701782971480805,35412.94915212384,121,136.35194791153634,0.0038503415043409013,66.60395212984228,0.001880779594032987
9.000000000000005,2.9787281531099743,0.0701782971480805,35848.088473374824,101,115.11730435968055,0.0032112536333752002,66.60395212984228,0.0018579498926228808
9.100000000000003,2.9787281531099743,0.0701782971480805,36398.06874201626,100,114.06189206392084,0.003133734728410275,57.10182648382972,0.001568814732687012
9.200000000000006,2.9787281531099743,0.0701782971480805,36880.733716744384,99,112.99533930646666,0.003063803995178251,54.64494585793389,0.0014816664515848366
9.300000000000006,2.9787281531099743,0.0701782971480805,37358.17038034966,97,110.87163402527503,0.002967801498212379,54.64494585793389,0.001462730784232331
9.400000000000006,2.9787281531099743,0.0701782971480805,37780.88428704257,95,108.74777105195962,0.0028783807765255516,51.15640300070042,0.0013540287361205347
9.500000000000004,2.9787281531099743,0.0701782971480805,38333.70819792656,96,109.8146815746254,0.0028647028095383996,57.10182648382972,0.0014895982979000794
9.600000000000003,2.9787281531099743,0.0701782971480805,38819.91604769073,91,104.4672565742918,0.002691073737664773,57.10182648382972,0.0014709415242856127
9.700000000000006,2.9787281531099743,0.0701782971480805,39302.97802558348,89,102.33403538560697,0.0026037221739023107,58.37138525505087,0.0014851644375918588
9.800000000000006,2.9787281531099743,0.0701782971480805,39729.748188524965,89,102.33403538560697,0.002575753435436166,58.37138525505087,0.001469211055103292
9.900000000000006,2.9787281531099743,0.0701782971480805,40294.82093562641,96,109.8146815746254,0.002725280297189097,60.99580958722386,0.0015137381968930602
10.000000000000009,2.9787281531099743,0.0701782971480805,40792.43366442074,94,107.6713903282985,0.002639494157520926,62.35194423015204,0.001528517389844665
10.100000000000009,2.9787281531099743,0.0701782971480805,41290.22460642108,89,102.33403538560697,0.0024784083002951968,58.37138525505087,0.001413685341057057
10.200000000000006,2.9787281531099743,0.0701782971480805,41733.04677182094,86,99.14252205754535,0.0023756358503997013,55.85988020572556,0.001338504722915255
10.300000000000006,2.9787281531099743,0.0701782971480805,42322.597104493856,93,106.60566357437914,0.0025188828396133477,60.99580958722386,0.0014412114038423994
10.400000000000006,2.9787281531099743,0.0701782971480805,42839.390018174,89,102.33403538560697,0.002388783671807493,58.37138525505087,0.0013625634078890394
10.500000000000009,2.9787281531099743,0.0701782971480805,43351.746305376575,87,100.20744961029428,0.0023114974170686713,58.37138525505087,0.001346459836793507
10.600000000000009,2.9787281531099743,0.0701782971480805,43798.4871951425,81,93.79500735615898,0.0021415124896496736,54.64494585793389,0.0012476445959072834
10.700000000000006,2.9787281531099743,0.0701782971480805,44390.1884610941,77,89.50751883983133,0.0020163806900319976,52.293775728209496,0.0011780480674021584
10.800000000000008,2.9787281531099743,0.0701782971480805,44898.59531056621,73,85.2117147724294,0.001897870394007095,47.89056932682664,0.0010666384771185996
10.900000000000007,2.9787281531099743,0.0701782971480805,45394.01089537464,70,81.97834322026486,0.0018059286148829367,44.8332270432733,0.0009876463030906466
11.000000000000009,2.9787281531099743,0.0701782971480805,45812.27888866769,71,83.05756481829994,0.001812997886879742,44.8332270432733,0.0009786290516615934
11.100000000000009,2.9787281531099743,0.0701782971480805,46374.316465815486,70,81.97834322026486,0.0017677531329371645,44.8332270432733,0.0009667684714301247
11.200000000000006,2.9787281531099743,0.0701782971480805,46844.11416099006,73,85.2117147724294,0.0018190484823681515,47.89056932682664,0.0010223390960546338
11.300000000000008,2.9787281531099743,0.0701782971480805,47296.72386684557,70,81.97834322026486,0.0017332774136969494,44.8332270432733,0.0009479140070989324
11.400000000000007,2.9787281531099743,0.0701782971480805,47667.53223510027,66,77.67100106162236,0.001629431972239353,41.97106602338405,0.0008804958858868386
11.500000000000009,2.9787281531099743,0.0701782971480805,48188.00863297439,68,79.8323698783308,0.001656685390059937,43.85811883937792,0.0009101459073236409
11.600000000000009,2.9787281531099743,0.0701782971480805,48614.599984455526,66,77.67100106162236,0.0015976887825150797,41.97106602338405,0.0008633428236950269
11.700000000000008,2.9787281531099743,0.0701782971480805,49024.16996031102,62,73.3598871503621,0.0014964024318974251,38.43704569278982,0.0007840427634758056
11.800000000000008,2.9787281531099743,0.0701782971480805,49347.62735319963,54,64.68716353283824,0.001310846478389888,30.849632868365607,0.0006251492629536801
11.900000000000007,2.9787281531099743,0.0701782971480805,49823.6521537521,51,61.423970101640926,0.0012328275316327898,30.849632868365607,0.000619176466092167
12.000000000000009,2.9787281531099743,0.0701782971480805,50200.22277456393,50,60.33617931792938,0.0012019105889008376,30.849632868365607,0.0006145317921576412
12.100000000000009,2.9787281531099743,0.0701782971480805,50555.72732046762,50,60.33617931792938,0.0011934588327740688,30.849632868365607,0.0006102104450562628
12.200000000000008,2.9787281531099743,0.0701782971480805,50819.32672901892,44,53.77461450954285,0.0010581528322144496,24.759963492497725,0.000487215496272194
12.300000000000008,2.9787281531099743,0.0701782971480805,51240.44752613062,43,52.676536979350054,0.0010280264814722215,24.759963492497725,0.0004832113045045345
12.40000000000001,2.9787281531099743,0.0701782971480805,51562.49435581799,40,49.38748788664595,0.000957818051738092,21.699513643035264,0.00042083909853726515
12.500000000000009,2.9787281531099743,0.0701782971480805,51868.15249314901,39,48.281064602383815,0.0009308421889281868,20.76586374173073,0.0004003586544647716
12.600000000000009,2.9787281531099743,0.0701782971480805,52085.76747906326,39,48.281064602383815,0.0009269531186574373,20.76586374173073,0.0003986859510148893
12.700000000000008,2.9787281531099743,0.0701782971480805,52472.7499337598,43,52.676536979350054,0.0010038836738277966,24.759963492497725,0.0004718632723414352
12.800000000000008,2.9787281531099743,0.0701782971480805,52765.42656874159,43,52.676536979350054,0.0009983153819617902,24.759963492497725,0.0004692459646894167
12.90000000000001,2.9787281531099743,0.0701782971480805,53046.650952814525,36,44.97555484515598,0.0008478490920220796,19.440167385130174,0.00036647303903167
13.000000000000009,2.9787281531099743,0.0701782971480805,53240.29014704139,35,43.87088765887531,0.0008240166899487352,19.440167385130174,0.0003651401472726662
13.100000000000009,2.9787281531099743,0.0701782971480805,53608.52833143774,34,42.76183274910881,0.0007976684695526685,19.01735002504937,0.00035474486274783627
13.20000000000001,2.9787281531099743,0.0701782971480805,53880.13895645469,33,41.65011416453081,0.000773014230683257,17.037269765132706,0.00031620686388544823
13.30000000000001,2.9787281531099743,0.0701782971480805,54137.41822507817,37,46.08256404807652,0.0008512146600062583,20.314212914187344,0.0003752342387243202
13.40000000000001,2.9787281531099743,0.0701782971480805,54300.969058499,35,43.87088765887531,0.0008079208975370724,19.440167385130174,0.000358007743180183
13.500000000000009,2.9787281531099743,0.0701782971480805,54637.20421774046,35,43.87088765887531,0.0008029489847987249,19.440167385130174,0.0003558045779146591
13.600000000000009,2.9787281531099743,0.0701782971480805,54870.67578817991,36,44.97555484515598,0.0008196646787945063,19.440167385130174,0.00035429064989423586
13.70000000000001,2.9787281531099743,0.0701782971480805,55084.29022081335,38,47.182042532644836,0.0008565426248302154,20.314212914187344,0.0003687841457656054
13.80000000000001,2.9787281531099743,0.0701782971480805,55197.39545886527,38,47.182042532644836,0.0008547874793803684,20.314212914187344,0.00036802846846869966
13.90000000000001,2.9787281531099743,0.0701782971480805,55481.98085694229,40,49.38748788664595,0.0008901536521197629,21.699513643035264,0.00039110920893373387
14.00000000000001,2.9787281531099743,0.0701782971480805,55660.25059346484,42,51.58187503417307,0.0009267273230751387,24.759963492497725,0.00044484103518220293
14.10000000000001,2.9787281531099743,0.0701782971480805,55819.4513141409,44,53.77461450954285,0.0009633669490391422,24.759963492497725,0.00044357231949761596
14.20000000000001,2.9787281531099743,0.0701782971480805,55881.51499400348,42,51.58187503417307,0.0009230579206685467,24.759963492497725,0.00044307967482904966
14.30000000000001,2.9787281531099743,0.0701782971480805,56127.96386900815,46,55.96770251171813,0.0009971447145728635,25.87319132441393,0.00046096793008199927
14.40000000000001,2.9787281531099743,0.0701782971480805,56280.07910740202,45,54.87536144083063,0.0009750405882711945,25.87319132441393,0.00045972201416133153
14.50000000000001,2.9787281531099743,0.0701782971480805,56427.194820595614,48,58.153739376353144,0.001030597738577062,27.63757919170364,0.0004897918331679334
14.60000000000001,2.9787281531099743,0.0701782971480805,56487.99998283053,44,53.77461450954285,0.0009519652762690764,24.759963492497725,0.00043832253753051077
14.70000000000001,2.9787281531099743,0.0701782971480805,56744.40648868591,42,51.58187503417307,0.0009090213155098876,24.759963492497725,0.00043634192380590913
14.800000000000011,2.9787281531099743,0.0701782971480805,56908.9188687501,43,52.676536979350054,0.0009256288474015601,24.759963492497725,0.00043508054597912857
14.900000000000013,2.9787281531099743,0.0701782971480805,57067.467496079575,40,49.38748788664595,0.0008654228066111182,21.699513643035264,0.0003802431506974789
15.00000000000001,2.9787281531099743,0.0701782971480805,57134.47907685933,38,47.182042532644836,0.0008258068209421124,20.314212914187344,0.00035555085549760494
15.10000000000001,2.9787281531099743,0.0701782971480805,57394.43961962912,43,52.676536979350054,0.0009177986113019644,24.759963492497725,0.00043140003903844584
15.20000000000001,2.9787281531099743,0.0701782971480805,57556.87583351813,42,51.58187503417307,0.0008961896261251636,24.759963492497725,0.0004301825478525854
15.300000000000011,2.9787281531099743,0.0701782971480805,57709.22681828517,40,49.38748788664595,0.0008557988143240471,21.699513643035264,0.0003760146312714031
15.400000000000013,2.9787281531099743,0.0701782971480805,57766.37886936139,39,48.281064602383815,0.0008357987041488509,20.76586374173073,0.0003594801015430223
15.50000000000001,2.9787281531099743,0.0701782971480805,58015.81866161039,38,47.182042532644836,0.0008132616865728318,20.314212914187344,0.0003501495520157065
15.600000000000012,2.9787281531099743,0.0701782971480805,58165.2705355037,39,48.281064602383815,0.0008300668793917732,20.76586374173073,0.00035701482260029
15.700000000000012,2.9787281531099743,0.0701782971480805,58303.19701044694,40,49.38748788664595,0.0008470802703631596,20.76586374173073,0.0003561702411963763
15.800000000000011,2.9787281531099743,0.0701782971480805,58343.42841442956,43,52.676536979350054,0.0009028700988425636,21.2275562317733,0.0003638379987029229
15.900000000000013,2.9787281531099743,0.0701782971480805,58576.22923055154,41,50.48205566451025,0.0008618181185036127,20.76586374173073,0.0003545100805310954
16.00000000000001,2.9787281531099743,0.0701782971480805,58706.72547695587,38,47.182042532644836,0.0008036905848404913,20.314212914187344,0.0003460287173087396
16.100000000000012,2.9787281531099743,0.0701782971480805,58824.11468421603,41,50.48205566451025,0.0008581864076580117,21.699513643035264,0.0003688880616312579
16.20000000000001,2.9787281531099743,0.0701782971480805,58841.73062147508,41,50.48205566451025,0.0008579294852705462,21.699513643035264,0.0003687776245506235
16.30000000000001,2.9787281531099743,0.0701782971480805,59053.32906670741,71,83.05756481829994,0.001406484039612348,33.68604310185613,0.0005704342775291117
16.400000000000013,2.9787281531099743,0.0701782971480805,59162.63851144646,99,112.99533930646666,0.0019099104122038938,38.43704569278982,0.0006496844403812929
16.500000000000014,2.9787281531099743,0.0701782971480805,59260.26720618215,144,160.61350433266432,0.0027103067857228427,43.85811883937792,0.0007400931670926141
16.600000000000012,2.9787281531099743,0.0701782971480805,59258.81709556116,195,214.12299365755558,0.003613352479045598,45.83001506459965,0.0007733872748538647
16.70000000000001,2.9787281531099743,0.0701782971480805,59454.56940383984,366,391.72918577903187,0.006588714537956644,48.95533198139543,0.000823407392775326
16.80000000000001,2.9787281531099743,0.0701782971480805,59548.810040563854,503,532.926439153139,0.008949405349831787,57.10182648382972,0.0009589079352707924
16.900000000000013,2.9787281531099743,0.0701782971480805,59631.79292762344,654,687.9365363754923,0.01153640537373172,66.60395212984228,0.0011169201672450318
17.000000000000014,2.9787281531099743,0.0701782971480805,59614.78511726953,814,851.6659860739813,0.014286153751936719,71.14592005246773,0.0011934274343607053
17.100000000000012,2.9787281531099743,0.0701782971480805,59795.30560074441,1205,1250.6937267489634,0.020916252775759592,92.62964507772888,0.001549112328252332
17.200000000000014,2.9787281531099743,0.0701782971480805,59872.79768468966,1369,1417.592854714607,0.023676743187785024,108.04383723712296,0.0018045563497152452
17.30000000000001,2.9787281531099743,0.0701782971480805,59937.39554612165,1514,1564.9913631788418,0.026110433209841185,193.5886965370377,0.003229848323790976
17.400000000000013,2.9787281531099743,0.0701782971480805,59899.78246175179,1628,1680.630553746924,0.028057373243718677,370.5185803109155,0.00618564150124427
17.500000000000014,2.9787281531099743,0.0701782971480805,60059.04665532136,1790,1845.1541754256918,0.03072233540460648,663.139675826257,0.011041461907179662
17.600000000000012,2.9787281531099743,0.0701782971480805,60113.78207248602,1838,1894.055819628365,0.03150784652585137,985.1847282250986,0.016388666529701116
17.700000000000014,2.9787281531099743,0.0701782971480805,60154.65086951833,1869,1925.363990728774,0.03200690159278105,1268.5962977706042,0.02108891464638904
17.80000000000001,2.9787281531099743,0.0701782971480805,60092.21004779182,1897,1953.9475832844514,0.032515821630298855,1294.107545677543,0.02153536281405408
17.900000000000013,2.9787281531099743,0.0701782971480805,60227.62268500966,1919,1976.0273800716936,0.03280932057382229,1386.7358039435178,0.02302491352175966
18.000000000000014,2.9787281531099743,0.0701782971480805,60259.66048257439,1920,1977.1196858674864,0.03281000374104698,1387.4584385469277,0.02302466405279775
18.100000000000016,2.9787281531099743,0.0701782971480805,60279.79102193581,1920,1977.1196858674864,0.032799046784153796,1387.4584385469277,0.023016974926837946
18.200000000000014,2.9787281531099743,0.0701782971480805,60198.71828996745,1892,1948.9149987550306,0.03237469258676611,1301.6347207196352,0.02162229957205853
18.30000000000001,2.9787281531099743,0.0701782971480805,60318.45123173837,1864,1920.405026058413,0.0318377708121248,1276.109432428348,0.02115620355578501
18.400000000000013,2.9787281531099743,0.0701782971480805,60336.60766469791,1821,1876.690838646488,0.031103684997930585,606.9810027857229,0.010059912651351442
18.50000000000001,2.9787281531099743,0.0701782971480805,60343.25911493217,1769,1823.8646666746763,0.030224828645746018,451.86173294500617,0.007488189063245198
18.600000000000016,2.9787281531099743,0.0701782971480805,60246.94922746255,1598,1650.2592492119225,0.027391581986688875,324.3148116778241,0.005383091025130127
18.700000000000014,2.9787281531099743,0.0701782971480805,60347.84285576958,1468,1518.139964680078,0.025156490983586757,151.9952428722074,0.0025186524601297465
18.80000000000001,2.9787281531099743,0.0701782971480805,60342.51403154735,1318,1365.5617802503818,0.02263017711752049,112.90157487941929,0.0018710121162733428
18.900000000000013,2.9787281531099743,0.0701782971480805,60319.158185536166,1152,1196.6049071567188,0.019837891362410473,92.62964507772888,0.0015356587834466893
19.00000000000001,2.9787281531099743,0.0701782971480805,60184.89368503319,760,796.4325688239433,0.013233097544243075,72.72772456558234,0.0012084049686319925
19.100000000000016,2.9787281531099743,0.0701782971480805,60235.05731443947,599,631.5794697189076,0.010485247260941946,57.10182648382972,0.0009479832680451578
19.200000000000014,2.9787281531099743,0.0701782971480805,60165.78487399421,454,482.466134644856,0.008018945246958708,57.10182648382972,0.0009490747374677922
19.30000000000001,2.9787281531099743,0.0701782971480805,60056.527922391935,339,363.7689347141352,0.006057108982127899,50.04376776256303,0.0008332777383872758
19.400000000000013,2.9787281531099743,0.0701782971480805,59803.23673570112,173,191.08333489343798,0.0031952005497282014,46.84896491600128,0.0007833851054425212
19.50000000000001,2.9787281531099743,0.0701782971480805,59674.8713512821,127,142.6729179108917,0.0023908374610651993,38.43704569278982,0.0006441077261235522
19.600000000000016,2.9787281531099743,0.0701782971480805,59375.20410186103,91,104.4672565742918,0.001759442483685162,38.43704569278982,0.0006473585442645252
19.700000000000014,2.9787281531099743,0.0701782971480805,58962.02843257492,62,73.3598871503621,0.0012441886600670737,30.849632868365607,0.0005232118651352575
19.80000000000001,2.9787281531099743,0.0701782971480805,58327.99616869394,39,48.281064602383815,0.0008277511276531292,20.76586374173073,0.0003560188092468069
19.900000000000016,2.9787281531099743,0.0701782971480805,57757.81182551598,37,46.08256404807652,0.0007978585509314322,20.314212914187344,0.00035171368637641195
20.00000000000001,2.9787281531099743,0.0701782971480805,56990.35795885947,34,42.76183274910881,0.0007503345176385446,19.01735002504937,0.0003336941669813291
20.100000000000016,2.9787281531099743,0.0701782971480805,56139.83409745477,31,39.42538633718211,0.0007022711586347483,16.304218992825643,0.00029042157418069097
20.200000000000017,2.9787281531099743,0.0701782971480805,55170.813558822745,27,34.957103095572194,0.0006336158711580566,12.80117987251423,0.00023202811498992484
20.30000000000001,2.9787281531099743,0.0701782971480805,54436.816556814505,27,34.957103095572194,0.0006421592096423977,12.80117987251423,0.00023515665834635867
20.400000000000016,2.9787281531099743,0.0701782971480805,53719.707691252224,27,34.957103095572194,0.0006507314465760701,12.80117987251423,0.00023829578422294333
20.50000000000001,2.9787281531099743,0.0701782971480805,53140.786951870985,27,34.957103095572194,0.0006578205762596713,12.80117987251423,0.00024089180094581802
20.600000000000016,2.9787281531099743,0.0701782971480805,52628.85843953011,20,27.040475241396223,0.0005137955875000669,9.004300909376997,0.0001710905608891902
20.700000000000017,2.9787281531099743,0.0701782971480805,52461.019582920046,21,28.179578924595898,0.0005371527116444081,9.004300909376997,0.00017163793195335773
20.80000000000001,2.9787281531099743,0.0701782971480805,52332.58437072178,24,31.583117391612554,0.0006035076954709346,10.974885550989477,0.0002097141901734464
20.900000000000016,2.9787281531099743,0.0701782971480805,52280.5467455465,23,30.45193093543121,0.0005824715468956959,10.974885550989477,0.00020992292992659585
21.00000000000001,2.9787281531099743,0.0701782971480805,52176.152321982336,22,29.318022334162496,0.0005619046447357622,9.204495717531712,0.00017641192974005034
21.100000000000016,2.9787281531099743,0.0701782971480805,52262.57398140471,26,33.83570997756383,0.0006474175954212043,12.80117987251423,0.00024493971301660253
21.200000000000017,2.9787281531099743,0.0701782971480805,52243.78980321989,27,34.957103095572194,0.0006691149939014899,12.80117987251423,0.0002450277807320415
21.30000000000001,2.9787281531099743,0.0701782971480805,52181.947037138045,27,34.957103095572194,0.0006699079869651686,12.80117987251423,0.0002453181722675774
21.400000000000016,2.9787281531099743,0.0701782971480805,51995.24600784538,25,32.708087172705376,0.0006290591868296991,12.250392397681098,0.00023560600897691068
21.500000000000018,2.9787281531099743,0.0701782971480805,51941.76545768944,27,34.957103095572194,0.0006730056783311965,12.80117987251423,0.00024645253698474636
21.600000000000016,2.9787281531099743,0.0701782971480805,51773.42493659719,29,37.19595425747816,0.0007184371963614363,15.263354813765725,0.0002948106066472818
21.700000000000017,2.9787281531099743,0.0701782971480805,51574.39224767776,29,37.19595425747816,0.0007212097445346625,15.263354813765725,0.00029594832141629335
21.80000000000002,2.9787281531099743,0.0701782971480805,51274.58421260605,30,38.30856049266477,0.0007471257169794166,16.304218992825643,0.0003179785705374318
21.900000000000016,2.9787281531099743,0.0701782971480805,51136.14626716176,30,38.30856049266477,0.0007491483674291952,16.304218992825643,0.0003188394156189233
22.000000000000018,2.9787281531099743,0.0701782971480805,50912.10981301992,32,40.53741756871899,0.0007962234862706913,16.304218992825643,0.0003202424541568716
22.100000000000016,2.9787281531099743,0.0701782971480805,50676.04322035002,32,40.53741756871899,0.0007999325715398465,16.304218992825643,0.0003217342546246457
22.200000000000017,2.9787281531099743,0.0701782971480805,50342.44235346322,31,39.42538633718211,0.0007831440926200894,16.304218992825643,0.0003238662693071351
22.30000000000002,2.9787281531099743,0.0701782971480805,50147.48346354095,33,41.65011416453081,0.0008305524283150114,17.037269765132706,0.00033974326503381617
22.400000000000016,2.9787281531099743,0.0701782971480805,49840.17509270458,34,42.76183274910881,0.0008579791838525891,19.01735002504937,0.0003815666776787279
22.500000000000018,2.9787281531099743,0.0701782971480805,49468.94883517925,36,44.97555484515598,0.0009091673848782522,19.440167385130174,0.0003929771673520083
22.600000000000016,2.9787281531099743,0.0701782971480805,48939.85079564371,33,41.65011416453081,0.0008510470197068565,17.037269765132706,0.00034812672062026895
22.700000000000017,2.9787281531099743,0.0701782971480805,48488.249595515575,33,41.65011416453081,0.0008589733494603776,17.037269765132706,0.00035136904110286534
22.80000000000002,2.9787281531099743,0.0701782971480805,47884.02996330374,32,40.53741756871899,0.0008465748935456168,16.304218992825643,0.00034049387667079177
22.900000000000016,2.9787281531099743,0.0701782971480805,47208.19332462092,33,41.65011416453081,0.00088226452298501,17.037269765132706,0.0003608964581206945
23.000000000000018,2.9787281531099743,0.0701782971480805,46413.75073425879,29,37.19595425747816,0.0008013994488496096,15.263354813765725,0.00032885415576853127
23.10000000000002,2.9787281531099743,0.0701782971480805,45777.17829126874,28,36.07576690363368,0.0007880731895289088,15.263354813765725,0.0003334271657516506
23.200000000000017,2.9787281531099743,0.0701782971480805,45108.143388889934,29,37.19595425747816,0.0008245951055178977,15.263354813765725,0.00033837249035448144
23.30000000000002,2.9787281531099743,0.0701782971480805,44498.67169959895,28,36.07576690363368,0.0008107155905051165,15.263354813765725,0.0003430069759566169
23.40000000000002,2.9787281531099743,0.0701782971480805,43889.05067438717,26,33.83570997756383,0.0007709373854675267,12.80117987251423,0.00029167137761730534
23.500000000000018,2.9787281531099743,0.0701782971480805,43517.21316798648,25,32.708087172705376,0.0007516126330618786,12.250392397681098,0.00028150682237834847
23.60000000000002,2.9787281531099743,0.0701782971480805,43149.4647743229,25,32.708087172705376,0.0007580183750545404,12.250392397681098,0.00028390601046275274
23.700000000000017,2.9787281531099743,0.0701782971480805,42834.75040558568,23,30.45193093543121,0.0007109165023046395,10.974885550989477,0.0002562145325249367
23.80000000000002,2.9787281531099743,0.0701782971480805,42488.13424488213,25,32.708087172705376,0.0007698169795875468,12.250392397681098,0.0002883250256901245
23.90000000000002,2.9787281531099743,0.0701782971480805,42333.54267487844,27,34.957103095572194,0.0008257542574228362,12.80117987251423,0.0003023885803942107
24.000000000000018,2.9787281531099743,0.0701782971480805,42145.12560936194,26,33.83570997756383,0.0008028380385239073,12.80117987251423,0.0003037404607870152
24.10000000000002,2.9787281531099743,0.0701782971480805,41985.806133247126,28,36.07576690363368,0.0008592372095737018,15.263354813765725,0.00036353606657749024
24.200000000000017,2.9787281531099743,0.0701782971480805,41789.1207239744,28,36.07576690363368,0.0008632813105095323,15.263354813765725,0.00036524709181088715
24.30000000000002,2.9787281531099743,0.0701782971480805,41768.89896164697,28,36.07576690363368,0.0008636992547196219,15.263354813765725,0.0003654239205055618
24.40000000000002,2.9787281531099743,0.0701782971480805,41708.41155999778,26,33.83570997756383,0.0008112442721270018,12.80117987251423,0.0003069208198950387
24.500000000000018,2.9787281531099743,0.0701782971480805,41663.76496443274,26,33.83570997756383,0.0008121135957455714,12.80117987251423,0.0003072497140727023
24.60000000000002,2.9787281531099743,0.0701782971480805,41562.64631492627,23,30.45193093543121,0.000732675458263472,10.974885550989477,0.0002640564671419418
24.70000000000002,2.9787281531099743,0.0701782971480805,41610.04826371953,23,30.45193093543121,0.0007318407982233161,10.974885550989477,0.0002637556553991949
24.80000000000002,2.9787281531099743,0.0701782971480805,41589.34486159255,20,27.040475241396223,0.0006501779561901178,9.004300909376997,0.00021650499519391088
24.90000000000002,2.9787281531099743,0.0701782971480805,41558.04291957525,20,27.040475241396223,0.0006506676768616368,9.004300909376997,0.00021666806896567464
25.00000000000002,2.9787281531099743,0.0701782971480805,41450.69511686154,19,25.89966417814516,0.0006248306356534309,7.551791658752665,0.0001821873345540279
25.10000000000002,2.9787281531099743,0.0701782971480805,41474.42155066714,20,27.040475241396223,0.0006519795630750939,9.004300909376997,0.00021710491847069915
25.20000000000002,2.9787281531099743,0.0701782971480805,41421.768421565146,20,27.040475241396223,0.0006528083245069353,9.004300909376997,0.00021738089059203825
25.30000000000002,2.9787281531099743,0.0701782971480805,41354.04131491447,20,27.040475241396223,0.0006538774538498124,9.004300909376997,0.00021773690365128998
25.40000000000002,2.9787281531099743,0.0701782971480805,41209.03276338172,18,24.752207445216456,0.0006006500464920212,7.069683964494022,0.00017155665858714674
25.50000000000002,2.9787281531099743,0.0701782971480805,41192.36000740711,20,27.040475241396223,0.0006564439434044049,9.004300909376997,0.00021859152784054777
25.60000000000002,2.9787281531099743,0.0701782971480805,41099.34870596902,20,27.040475241396223,0.000657929531556519,9.004300909376997,0.00021908621895191412
25.70000000000002,2.9787281531099743,0.0701782971480805,40988.46468788449,20,27.040475241396223,0.0006597093950042228,9.004300909376997,0.00021967890180669587
25.80000000000002,2.9787281531099743,0.0701782971480805,40794.57217695307,16,22.449853543551825,0.0005503147194722853,6.061079772699775,0.00014857564252442355
25.90000000000002,2.9787281531099743,0.0701782971480805,40718.707613825005,17,23.60335453314789,0.0005796685581723613,6.195837230776553,0.00015216193228767685
26.00000000000002,2.9787281531099743,0.0701782971480805,40559.54507636192,14,20.126721526297604,0.0004962265106377499,4.655324940285306,0.0001147775432766978
26.10000000000002,2.9787281531099743,0.0701782971480805,40372.93486214199,12,17.780030405759767,0.00044039479583220085,3.9043613054089112,9.670739367204292e-05
26.20000000000002,2.9787281531099743,0.0701782971480805,40095.81510567954,11,16.596335289075046,0.00041391689495106905,3.421763583768232,8.533966885944518e-05
26.300000000000026,2.9787281531099743,0.0701782971480805,39931.21039596804,12,17.780030405759767,0.0004452665028044095,3.9043613054089112,9.777718397945546e-05
26.40000000000002,2.9787281531099743,0.0701782971480805,39686.23915111257,14,20.126721526297604,0.0005071461029517424,4.655324940285306,0.00011730325271082781
26.50000000000002,2.9787281531099743,0.0701782971480805,39424.17367019884,14,20.126721526297604,0.0005105172703089934,4.655324940285306,0.00011808300610760337
26.600000000000023,2.9787281531099743,0.0701782971480805,39092.12064378023,16,22.449853543551825,0.0005742807802145601,6.061079772699775,0.00015504607253032524
26.70000000000002,2.9787281531099743,0.0701782971480805,38898.6171799785,19,25.89966417814516,0.0006658248044734087,7.551791658752665,0.00019414036298029755
26.800000000000026,2.9787281531099743,0.0701782971480805,38657.10725299852,19,25.89966417814516,0.0006699845389009598,7.551791658752665,0.00019535325313734886
26.90000000000002,2.9787281531099743,0.0701782971480805,38428.25381943407,20,27.040475241396223,0.0007036613052587163,9.004300909376997,0.00023431459966113038
27.00000000000002,2.9787281531099743,0.0701782971480805,38151.85557757392,18,24.752207445216456,0.0006487812210047805,7.069683964494022,0.00018530380390330633
27.100000000000023,2.9787281531099743,0.0701782971480805,38022.36102580554,19,25.89966417814516,0.0006811692772199816,7.551791658752665,0.00019861448513487393
27.20000000000002,2.9787281531099743,0.0701782971480805,37844.32032862958,19,25.89966417814516,0.0006843738757425066,7.551791658752665,0.00019954887796041785
27.300000000000026,2.9787281531099743,0.0701782971480805,37668.24064238776,19,25.89966417814516,0.0006875729722561154,7.551791658752665,0.00020048166651708962
27.40000000000002,2.9787281531099743,0.0701782971480805,37431.31388402234,19,25.89966417814516,0.000691925061951953,7.551791658752665,0.00020175064338246934
27.50000000000002,2.9787281531099743,0.0701782971480805,37326.19934509427,18,24.752207445216456,0.0006631322738319353,7.069683964494022,0.00018940272753548322
27.600000000000023,2.9787281531099743,0.0701782971480805,37165.727055707895,15,21.289883342309167,0.000572836455221168,5.311901338589417,0.00014292472553079294
27.70000000000002,2.9787281531099743,0.0701782971480805,37006.680411991845,15,21.289883342309167,0.0005752983814081924,5.311901338589417,0.00014353898483875142
27.800000000000026,2.9787281531099743,0.0701782971480805,36794.16294580314,14,20.126721526297604,0.0005470085446961724,4.655324940285306,0.00012652346371196108
27.900000000000023,2.9787281531099743,0.0701782971480805,36718.796436525714,17,23.60335453314789,0.0006428139488163793,6.195837230776553,0.0001687374814010324
28.00000000000002,2.9787281531099743,0.0701782971480805,36596.74975091221,17,23.60335453314789,0.0006449576723014741,6.195837230776553,0.00016930020488013735
28.100000000000023,2.9787281531099743,0.0701782971480805,36481.35448973293,16,22.449853543551825,0.000615378838246534,6.061079772699775,0.00016614185129572328
28.200000000000024,2.9787281531099743,0.0701782971480805,36314.10974117851,16,22.449853543551825,0.0006182129674542107,6.061079772699775,0.0001669070181232281
28.300000000000026,2.9787281531099743,0.0701782971480805,36278.222253348176,14,20.126721526297604,0.0005547879768127303,4.655324940285306,0.00012832285186895173
28.400000000000023,2.9787281531099743,0.0701782971480805,36188.80486274281,16,22.449853543551825,0.0006203535493559351,6.061079772699775,0.0001674849389386659
28.50000000000002,2.9787281531099743,0.0701782971480805,36096.9938561422,14,20.126721526297604,0.0005575733427140464,4.655324940285306,0.00012896710897417746
28.600000000000023,2.9787281531099743,0.0701782971480805,35945.546377655264,11,16.596335289075046,0.0004617076929283173,3.421763583768232,9.519297739469871e-05
28.700000000000024,2.9787281531099743,0.0701782971480805,35916.1929886881,14,20.126721526297604,0.0005603801475461659,4.655324940285306,0.00012961632491927843
28.800000000000026,2.9787281531099743,0.0701782971480805,35828.09405317093,13,18.957138268504906,0.0005291137798279595,4.655324940285306,0.00012993504296869766
28.900000000000023,2.9787281531099743,0.0701782971480805,35733.795300543774,13,18.957138268504906,0.0005305100706225971,4.655324940285306,0.00013027793160874977
29.00000000000002,2.9787281531099743,0.0701782971480805,35578.51135341149,11,16.596335289075046,0.00046647076164089377,3.421763583768232,9.617500714908724e-05
29.100000000000023,2.9787281531099743,0.0701782971480805,35542.4187527733,12,17.780030405759767,0.0005002481831479865,3.9043613054089112,0.00010985074855391663
29.200000000000024,2.9787281531099743,0.0701782971480805,35448.26063245668,14,20.126721526297604,0.0005677774076133212,4.655324940285306,0.0001313273164106353
29.300000000000026,2.9787281531099743,0.0701782971480805,35348.393803579704,12,17.780030405759767,0.0005029940116814926,3.9043613054089112,0.00011045371190284521
29.400000000000023,2.9787281531099743,0.0701782971480805,35188.743338023574,13,18.957138268504906,0.0005387273448898803,4.655324940285306,0.00013229585653474997
29.500000000000025,2.9787281531099743,0.0701782971480805,35147.750796507054,15,21.289883342309167,0.0006057253411625114,5.311901338589417,0.00015113061912107637
29.600000000000023,2.9787281531099743,0.0701782971480805,35050.01506657096,19,25.89966417814516,0.0007389344663319996,7.551791658752665,0.0002154575866632139
29.700000000000024,2.9787281531099743,0.0701782971480805,34947.22494217285,19,25.89966417814516,0.000741107891141609,7.551791658752665,0.00021609131114841334
29.800000000000026,2.9787281531099743,0.0701782971480805,34785.71976629795,18,24.752207445216456,0.0007115623195814268,7.069683964494022,0.00020323523595287124
29.900000000000023,2.9787281531099743,0.0701782971480805,34741.9331779597,18,24.752207445216456,0.000712459128812074,7.069683964494022,0.00020349138110077977
30.000000000000025,2.9787281531099743,0.0701782971480805,34642.3697678551,18,24.752207445216456,0.0007145067618377598,7.069683964494022,0.0002040762226103259
30.100000000000023,2.9787281531099743,0.0701782971480805,34537.97867838306,17,23.60335453314789,0.0006834028925937398,6.195837230776553,0.0001793920046240129
30.200000000000024,2.9787281531099743,0.0701782971480805,34375.60222445483,18,24.752207445216456,0.0007200516018191447,7.069683964494022,0.00020565993050340346
30.300000000000026,2.9787281531099743,0.0701782971480805,34329.60083442535,18,24.752207445216456,0.0007210164651956923,7.069683964494022,0.0002059355131622917
30.400000000000023,2.9787281531099743,0.0701782971480805,34228.517330306735,19,25.89966417814516,0.0007566691810869935,7.551791658752665,0.0002206286525903981
30.500000000000025,2.9787281531099743,0.0701782971480805,34122.68512714194,20,27.040475241396223,0.0007924486347027723,9.004300909376997,0.0002638801980508497
30.600000000000023,2.9787281531099743,0.0701782971480805,33959.6368765478,22,29.318022334162496,0.0008633196650700716,9.204495717531712,0.00027104223025094384
30.700000000000024,2.9787281531099743,0.0701782971480805,33911.895399976864,23,30.45193093543121,0.0008979719527989576,10.974885550989477,0.000323629376109628
30.800000000000026,2.9787281531099743,0.0701782971480805,33810.16889526008,23,30.45193093543121,0.0009006737301362706,10.974885550989477,0.00032460309751744743
30.900000000000023,2.9787281531099743,0.0701782971480805,33704.36884191335,24,31.583117391612554,0.00093706301220918,10.974885550989477,0.0003256220462832571
31.000000000000025,2.9787281531099743,0.0701782971480805,33542.69622400766,24,31.583117391612554,0.0009415795671490305,10.974885550989477,0.0003271915136963371
31.100000000000023,2.9787281531099743,0.0701782971480805,33495.64186969202,23,30.45193093543121,0.0009091311357429199,10.974885550989477,0.0003276511491759147
31.200000000000024,2.9787281531099743,0.0701782971480805,33395.78421780054,24,31.583117391612554,0.0009457216870738493,10.974885550989477,0.0003286308678788166
31.300000000000026,2.9787281531099743,0.0701782971480805,33292.18080246541,24,31.583117391612554,0.0009486647203740317,10.974885550989477,0.000329653548865046
31.400000000000027,2.9787281531099743,0.0701782971480805,33133.36954772607,22,29.318022334162496,0.0008848488015060509,9.204495717531712,0.0002778013779815948
31.500000000000025,2.9787281531099743,0.0701782971480805,33087.41753390866,19,25.89966417814516,0.0007827647519363715,7.551791658752665,0.00022823756647110446
31.600000000000023,2.9787281531099743,0.0701782971480805,32988.7827363988,20,27.040475241396223,0.0008196869662474874,9.004300909376997,0.00027295038381158364
31.700000000000024,2.9787281531099743,0.0701782971480805,32885.79748675456,19,25.89966417814516,0.0007875638165252579,7.551791658752665,0.000229636871716257
31.800000000000026,2.9787281531099743,0.0701782971480805,32727.681836991625,19,25.89966417814516,0.0007913687351015232,7.551791658752665,0.0002307463051115641
31.900000000000027,2.9787281531099743,0.0701782971480805,32680.54446777995,20,27.040475241396223,0.0008274181376646181,9.004300909376997,0.0002755248131882999
32.00000000000003,2.9787281531099743,0.0701782971480805,32581.13977641881,20,27.040475241396223,0.0008299425811053809,9.004300909376997,0.0002763654362974135
32.10000000000002,2.9787281531099743,0.0701782971480805,32477.3575138828,20,27.040475241396223,0.0008325946847688418,9.004300909376997,0.00027724856942342097
32.200000000000024,2.9787281531099743,0.0701782971480805,32319.15787750441,19,25.89966417814516,0.0008013718759724396,7.551791658752665,0.00023366300840434496
32.300000000000026,2.9787281531099743,0.0701782971480805,32270.631403138777,22,29.318022334162496,0.0009085047629812072,9.204495717531712,0.00028522824987664927
32.40000000000003,2.9787281531099743,0.0701782971480805,32170.617072625515,22,29.318022334162496,0.0009113291879971324,9.204495717531712,0.0002861149879951778
32.50000000000003,2.9787281531099743,0.0701782971480805,32066.36599740444,19,25.89966417814516,0.0008076894082803635,7.551791658752665,0.00023550506656613138
32.60000000000002,2.9787281531099743,0.0701782971480805,31908.449207386224,19,25.89966417814516,0.0008116867106205167,7.551791658752665,0.0002366705949784787
32.70000000000003,2.9787281531099743,0.0701782971480805,31858.944646142823,19,25.89966417814516,0.000812947963776347,7.551791658752665,0.00023703834959476486
32.800000000000026,2.9787281531099743,0.0701782971480805,31758.74995297502,20,27.040475241396223,0.0008514338656727637,9.004300909376997,0.0002835218931069267
32.90000000000003,2.9787281531099743,0.0701782971480805,31654.56107455325,21,28.179578924595898,0.0008902217553491572,9.004300909376997,0.0002844550865251281
33.00000000000003,2.9787281531099743,0.0701782971480805,31497.550179761216,20,27.040475241396223,0.0008584945523404899,9.004300909376997,0.0002858730554594916
33.10000000000002,2.9787281531099743,0.0701782971480805,31447.734556014493,21,28.179578924595898,0.0008960765957370513,9.004300909376997,0.00028632590030733685
33.20000000000003,2.9787281531099743,0.0701782971480805,31348.02355664679,22,29.318022334162496,0.0009352430873730836,9.204495717531712,0.0002936228403969048
33.300000000000026,2.9787281531099743,0.0701782971480805,31244.40552939224,22,29.318022334162496,0.0009383447000322168,9.204495717531712,0.00029459660254610567
33.40000000000003,2.9787281531099743,0.0701782971480805,31088.648464022863,23,30.45193093543121,0.0009795192920873197,10.974885550989477,0.0003530190630091267
33.50000000000003,2.9787281531099743,0.0701782971480805,31038.727387086776,22,29.318022334162496,0.0009445626416487631,9.204495717531712,0.0002965487470778558
33.60000000000002,2.9787281531099743,0.0701782971480805,30939.598764721224,22,29.318022334162496,0.000947588963810102,9.204495717531712,0.0002974988715117763
33.70000000000003,2.9787281531099743,0.0701782971480805,30836.74967305019,22,29.318022334162496,0.0009507494351710165,9.204495717531712,0.0002984911125563921
33.800000000000026,2.9787281531099743,0.0701782971480805,30682.65500814317,21,28.179578924595898,0.0009184204860080408,9.004300909376997,0.0002934655070425704
33.90000000000003,2.9787281531099743,0.0701782971480805,30633.30853651196,22,29.318022334162496,0.0009570635277354462,9.204495717531712,0.0003004734440147344
34.00000000000003,2.9787281531099743,0.0701782971480805,30535.681218242116,21,28.179578924595898,0.0009228410109207364,9.004300909376997,0.00029487800992623013
34.10000000000002,2.9787281531099743,0.0701782971480805,30434.586593895558,23,30.45193093543121,0.0010005698891779634,10.974885550989477,0.0003606057048657521
34.20000000000003,2.9787281531099743,0.0701782971480805,30282.950116740078,20,27.040475241396223,0.0008929273778530762,9.004300909376997,0.00029733896052615825
34.300000000000026,2.9787281531099743,0.0701782971480805,30234.48727430189,22,29.318022334162496,0.0009696880938702621,9.204495717531712,0.00030443697073557346
34.40000000000003,2.9787281531099743,0.0701782971480805,30138.00690456693,20,27.040475241396223,0.0008972217481740199,9.004300909376997,0.00029876895767823786
34.50000000000003,2.9787281531099743,0.0701782971480805,30037.55779819618,20,27.040475241396223,0.0009002221626360071,9.004300909376997,0.0002997680760157447
34.60000000000003,2.9787281531099743,0.0701782971480805,29886.60436842084,20,27.040475241396223,0.0009047690700509312,9.004300909376997,0.00030128216636384544
34.70000000000003,2.9787281531099743,0.0701782971480805,29836.84815194653,19,25.89966417814516,0.0008680428993789508,7.551791658752665,0.00025310286194756774
34.800000000000026,2.9787281531099743,0.0701782971480805,29739.261602093276,18,24.752207445216456,0.0008323073980920295,7.069683964494022,0.00023772224270680626
34.90000000000003,2.9787281531099743,0.0701782971480805,29637.45438477536,18,24.752207445216456,0.0008351664459391481,7.069683964494022,0.0002385388391563646
35.00000000000003,2.9787281531099743,0.0701782971480805,29485.69632704832,16,22.449853543551825,0.0007613811556133319,6.061079772699775,0.0002055600012111541
35.10000000000003,2.9787281531099743,0.0701782971480805,29433.80919547368,15,21.289883342309167,0.0007233139007228163,5.311901338589417,0.00018046938142842478
35.20000000000003,2.9787281531099743,0.0701782971480805,29335.18004068168,17,23.60335453314789,0.0008046091587102938,6.195837230776553,0.0002112084269530386
35.300000000000026,2.9787281531099743,0.0701782971480805,29232.42423915116,16,22.449853543551825,0.00076797782352531,6.061079772699775,0.00020734098968713428
35.40000000000003,2.9787281531099743,0.0701782971480805,29080.644762033997,16,22.449853543551825,0.000771986100282792,6.061079772699775,0.00020842315644296747
35.50000000000003,2.9787281531099743,0.0701782971480805,29027.64431722137,17,23.60335453314789,0.0008131336554632032,6.195837230776553,0.0002134460917002734
35.60000000000003,2.9787281531099743,0.0701782971480805,28928.536459150968,17,23.60335453314789,0.0008159194146056234,6.195837230776553,0.00021417734836069188
35.70000000000003,2.9787281531099743,0.0701782971480805,28825.684769564963,18,24.752207445216456,0.0008586858436525536,7.069683964494022,0.00024525641007350533
35.800000000000026,2.9787281531099743,0.0701782971480805,28674.488247913832,18,24.752207445216456,0.0008632135726787475,7.069683964494022,0.0002465496124419366
35.90000000000003,2.9787281531099743,0.0701782971480805,28620.654217579897,19,25.89966417814516,0.000904929145967481,7.551791658752665,0.0002638581075520652
36.00000000000003,2.9787281531099743,0.0701782971480805,28521.29833678876,16,22.449853543551825,0.0007871259322930063,6.061079772699775,0.0002125106543583176
36.10000000000003,2.9787281531099743,0.0701782971480805,28418.17108893602,17,23.60335453314789,0.000830572610013504,6.195837230776553,0.00021802378525297722
36.20000000000003,2.9787281531099743,0.0701782971480805,28267.322264993734,15,21.289883342309167,0.000753162366874579,5.311901338589417,0.0001879166795069117
36.30000000000003,2.9787281531099743,0.0701782971480805,28212.52646407095,16,22.449853543551825,0.0007957406286226096,6.061079772699775,0.0002148364762871785
36.40000000000003,2.9787281531099743,0.0701782971480805,28112.99618543505,15,21.289883342309167,0.000757296845981118,5.311901338589417,0.00018894824669529313
36.50000000000003,2.9787281531099743,0.0701782971480805,28010.022646438883,15,21.289883342309167,0.0007600809042907327,5.311901338589417,0.00018964287910937328
36.60000000000003,2.9787281531099743,0.0701782971480805,27860.40465614074,14,20.126721526297604,0.0007224131083057134,4.655324940285306,0.0001670946634746463
36.70000000000003,2.9787281531099743,0.0701782971480805,27806.073406206604,14,20.126721526297604,0.0007238246562999115,4.655324940285306,0.00016742115552518784
36.80000000000003,2.9787281531099743,0.0701782971480805,27708.30295758282,14,20.126721526297604,0.0007263787160515944,4.655324940285306,0.00016801191135422107
36.90000000000003,2.9787281531099743,0.0701782971480805,27607.886522231496,16,22.449853543551825,0.000813168133151876,6.061079772699775,0.0002195416069904169
37.00000000000003,2.9787281531099743,0.0701782971480805,27462.243830021333,15,21.289883342309167,0.0007752419457814066,5.311901338589417,0.0001934256126872824
37.10000000000003,2.9787281531099743,0.0701782971480805,27411.20005942798,13,18.957138268504906,0.0006915836675302607,4.655324940285306,0.00016983294894760086
37.20000000000003,2.9787281531099743,0.0701782971480805,27317.712876312984,12,17.780030405759767,0.0006508608713424439,3.9043613054089112,0.00014292416510440587
37.30000000000003,2.9787281531099743,0.0701782971480805,27221.71911901248,13,18.957138268504906,0.0006963975414493444,4.655324940285306,0.00017101509717047536
37.400000000000034,2.9787281531099743,0.0701782971480805,27080.882225144796,11,16.596335289075046,0.0006128432283371192,3.421763583768232,0.00012635347531592228
37.50000000000003,2.9787281531099743,0.0701782971480805,27032.787241256683,12,17.780030405759767,0.0006577209463116102,3.9043613054089112,0.00014443058610878957
37.60000000000003,2.9787281531099743,0.0701782971480805,26942.15653723272,13,18.957138268504906,0.0007036236406060177,4.655324940285306,0.00017278961815294475
37.70000000000003,2.9787281531099743,0.0701782971480805,26848.35920910003,12,17.780030405759767,0.0006622389944683612,3.9043613054089112,0.00014542271559319573
37.80000000000003,2.9787281531099743,0.0701782971480805,26709.814057775053,12,17.780030405759767,0.0006656740615004063,3.9043613054089112,0.00014617703054628256
37.900000000000034,2.9787281531099743,0.0701782971480805,26662.35760361872,14,20.126721526297604,0.0007548740372293982,4.655324940285306,0.00017460289931950606
38.00000000000003,2.9787281531099743,0.0701782971480805,26572.80713448632,12,17.780030405759767,0.0006691062150782239,3.9043613054089112,0.00014693070572667545
38.10000000000003,2.9787281531099743,0.0701782971480805,26480.20037369158,11,16.596335289075046,0.0006267450795260492,3.421763583768232,0.00012921970134213177
38.20000000000003,2.9787281531099743,0.0701782971480805,26343.633040452376,10,15.406070358322799,0.0005848119101365315,2.998817247518071,0.00011383461206406841
38.30000000000003,2.9787281531099743,0.0701782971480805,26297.084813950125,10,15.406070358322799,0.0005858470802873997,2.998817247518071,0.00011403610965757137
38.400000000000034,2.9787281531099743,0.0701782971480805,26209.170279966445,11,16.596335289075046,0.0006332262758337229,3.421763583768232,0.00013055596751888524
38.50000000000003,2.9787281531099743,0.0701782971480805,26118.29879126712,11,16.596335289075046,0.0006354294137497262,3.421763583768232,0.00013101020135784374
38.60000000000003,2.9787281531099743,0.0701782971480805,25984.043124503467,11,16.596335289075046,0.0006387125825474163,3.421763583768232,0.0001316871114850268
38.70000000000003,2.9787281531099743,0.0701782971480805,25938.463609245864,11,16.596335289075046,0.0006398349393045477,3.421763583768232,0.0001319185143467222
38.80000000000003,2.9787281531099743,0.0701782971480805,25851.93193512954,10,15.406070358322799,0.000595934972944435,2.998817247518071,0.00011599973476036635
38.900000000000034,2.9787281531099743,0.0701782971480805,25762.31646068552,10,15.406070358322799,0.0005980079618163673,2.998817247518071,0.000116403245495971
39.00000000000003,2.9787281531099743,0.0701782971480805,25629.75628489036,10,15.406070358322799,0.000601100930772612,2.998817247518071,0.00011700529705333089
39.10000000000003,2.9787281531099743,0.0701782971480805,25584.505181395623,11,16.596335289075046,0.0006486869756286498,3.421763583768232,0.00013374359048602777
39.20000000000003,2.9787281531099743,0.0701782971480805,25498.755663323544,11,16.596335289075046,0.0006508684387664687,3.421763583768232,0.000134193355509107
39.30000000000003,2.9787281531099743,0.0701782971480805,25409.87483945894,12,17.780030405759767,0.000699729161127122,3.9043613054089112,0.00015365527496994345
39.400000000000034,2.9787281531099743,0.0701782971480805,25278.587761246818,12,17.780030405759767,0.0007033632801677842,3.9043613054089112,0.00015445330025099218
39.50000000000004,2.9787281531099743,0.0701782971480805,25233.482328015416,13,18.957138268504906,0.0007512692073997962,4.655324940285306,0.00018448999150294615
39.60000000000003,2.9787281531099743,0.0701782971480805,25148.565662828536,13,18.957138268504906,0.000753805943554267,4.655324940285306,0.00018511294054301573
39.70000000000003,2.9787281531099743,0.0701782971480805,25060.846940350104,12,17.780030405759767,0.0007094744422676474,3.9043613054089112,0.00015579526560702769
39.80000000000003,2.9787281531099743,0.0701782971480805,24931.71398711009,10,15.406070358322799,0.0006179306551602456,2.998817247518071,0.00012028123092814578
39.900000000000034,2.9787281531099743,0.0701782971480805,24888.10914225641,10,15.406070358322799,0.0006190132914583503,2.998817247518071,0.00012049196788624305
